1,2020-01-01,2020,1,1
2,2020-01-02,2020,1,2
3,2020-01-03,2020,1,3
4,2020-01-04,2020,1,4
5,2020-01-05,2020,1,5
6,2020-01-06,2020,1,6
7,2020-01-07,2020,1,7
8,2020-01-08,2020,1,8
9,2020-01-09,2020,1,9
10,2020-01-10,2020,1,10
11,2020-01-11,2020,1,11
12,2020-01-12,2020,1,12
13,2020-01-13,2020,1,13
14,2020-01-14,2020,1,14
15,2020-01-15,2020,1,15
16,2020-01-16,2020,1,16
17,2020-01-17,2020,1,17
18,2020-01-18,2020,1,18
19,2020-01-19,2020,1,19
20,2020-01-20,2020,1,20
21,2020-01-21,2020,1,21
22,2020-01-22,2020,1,22
23,2020-01-23,2020,1,23
24,2020-01-24,2020,1,24
25,2020-01-25,2020,1,25
26,2020-01-26,2020,1,26
27,2020-01-27,2020,1,27
28,2020-01-28,2020,1,28
29,2020-01-29,2020,1,29
30,2020-01-30,2020,1,30
31,2020-01-31,2020,1,31
32,2020-02-01,2020,2,1
33,2020-02-02,2020,2,2
34,2020-02-03,2020,2,3
35,2020-02-04,2020,2,4
36,2020-02-05,2020,2,5
37,2020-02-06,2020,2,6
38,2020-02-07,2020,2,7
39,2020-02-08,2020,2,8
40,2020-02-09,2020,2,9
41,2020-02-10,2020,2,10
42,2020-02-11,2020,2,11
43,2020-02-12,2020,2,12
44,2020-02-13,2020,2,13
45,2020-02-14,2020,2,14
46,2020-02-15,2020,2,15
47,2020-02-16,2020,2,16
48,2020-02-17,2020,2,17
49,2020-02-18,2020,2,18
50,2020-02-19,2020,2,19
51,2020-02-20,2020,2,20
52,2020-02-21,2020,2,21
53,2020-02-22,2020,2,22
54,2020-02-23,2020,2,23
55,2020-02-24,2020,2,24
56,2020-02-25,2020,2,25
57,2020-02-26,2020,2,26
58,2020-02-27,2020,2,27
59,2020-02-28,2020,2,28
60,2020-02-29,2020,2,29
61,2020-03-01,2020,3,1
62,2020-03-02,2020,3,2
63,2020-03-03,2020,3,3
64,2020-03-04,2020,3,4
65,2020-03-05,2020,3,5
66,2020-03-06,2020,3,6
67,2020-03-07,2020,3,7
68,2020-03-08,2020,3,8
69,2020-03-09,2020,3,9
70,2020-03-10,2020,3,10
71,2020-03-11,2020,3,11
72,2020-03-12,2020,3,12
73,2020-03-13,2020,3,13
74,2020-03-14,2020,3,14
75,2020-03-15,2020,3,15
76,2020-03-16,2020,3,16
77,2020-03-17,2020,3,17
78,2020-03-18,2020,3,18
79,2020-03-19,2020,3,19
80,2020-03-20,2020,3,20
81,2020-03-21,2020,3,21
82,2020-03-22,2020,3,22
83,2020-03-23,2020,3,23
84,2020-03-24,2020,3,24
85,2020-03-25,2020,3,25
86,2020-03-26,2020,3,26
87,2020-03-27,2020,3,27
88,2020-03-28,2020,3,28
89,2020-03-29,2020,3,29
90,2020-03-30,2020,3,30
91,2020-03-31,2020,3,31
92,2020-04-01,2020,4,1
93,2020-04-02,2020,4,2
94,2020-04-03,2020,4,3
95,2020-04-04,2020,4,4
96,2020-04-05,2020,4,5
97,2020-04-06,2020,4,6
98,2020-04-07,2020,4,7
99,2020-04-08,2020,4,8
100,2020-04-09,2020,4,9
101,2020-04-10,2020,4,10
102,2020-04-11,2020,4,11
103,2020-04-12,2020,4,12
104,2020-04-13,2020,4,13
105,2020-04-14,2020,4,14
106,2020-04-15,2020,4,15
107,2020-04-16,2020,4,16
108,2020-04-17,2020,4,17
109,2020-04-18,2020,4,18
110,2020-04-19,2020,4,19
111,2020-04-20,2020,4,20
112,2020-04-21,2020,4,21
113,2020-04-22,2020,4,22
114,2020-04-23,2020,4,23
115,2020-04-24,2020,4,24
116,2020-04-25,2020,4,25
117,2020-04-26,2020,4,26
118,2020-04-27,2020,4,27
119,2020-04-28,2020,4,28
120,2020-04-29,2020,4,29
121,2020-04-30,2020,4,30
122,2020-05-01,2020,5,1
123,2020-05-02,2020,5,2
124,2020-05-03,2020,5,3
125,2020-05-04,2020,5,4
126,2020-05-05,2020,5,5
127,2020-05-06,2020,5,6
128,2020-05-07,2020,5,7
129,2020-05-08,2020,5,8
130,2020-05-09,2020,5,9
131,2020-05-10,2020,5,10
132,2020-05-11,2020,5,11
133,2020-05-12,2020,5,12
134,2020-05-13,2020,5,13
135,2020-05-14,2020,5,14
136,2020-05-15,2020,5,15
137,2020-05-16,2020,5,16
138,2020-05-17,2020,5,17
139,2020-05-18,2020,5,18
140,2020-05-19,2020,5,19
141,2020-05-20,2020,5,20
142,2020-05-21,2020,5,21
143,2020-05-22,2020,5,22
144,2020-05-23,2020,5,23
145,2020-05-24,2020,5,24
146,2020-05-25,2020,5,25
147,2020-05-26,2020,5,26
148,2020-05-27,2020,5,27
149,2020-05-28,2020,5,28
150,2020-05-29,2020,5,29
151,2020-05-30,2020,5,30
152,2020-05-31,2020,5,31
153,2020-06-01,2020,6,1
154,2020-06-02,2020,6,2
155,2020-06-03,2020,6,3
156,2020-06-04,2020,6,4
157,2020-06-05,2020,6,5
158,2020-06-06,2020,6,6
159,2020-06-07,2020,6,7
160,2020-06-08,2020,6,8
161,2020-06-09,2020,6,9
162,2020-06-10,2020,6,10
163,2020-06-11,2020,6,11
164,2020-06-12,2020,6,12
165,2020-06-13,2020,6,13
166,2020-06-14,2020,6,14
167,2020-06-15,2020,6,15
168,2020-06-16,2020,6,16
169,2020-06-17,2020,6,17
170,2020-06-18,2020,6,18
171,2020-06-19,2020,6,19
172,2020-06-20,2020,6,20
173,2020-06-21,2020,6,21
174,2020-06-22,2020,6,22
175,2020-06-23,2020,6,23
176,2020-06-24,2020,6,24
177,2020-06-25,2020,6,25
178,2020-06-26,2020,6,26
179,2020-06-27,2020,6,27
180,2020-06-28,2020,6,28
181,2020-06-29,2020,6,29
182,2020-06-30,2020,6,30
183,2020-07-01,2020,7,1
184,2020-07-02,2020,7,2
185,2020-07-03,2020,7,3
186,2020-07-04,2020,7,4
187,2020-07-05,2020,7,5
188,2020-07-06,2020,7,6
189,2020-07-07,2020,7,7
190,2020-07-08,2020,7,8
191,2020-07-09,2020,7,9
192,2020-07-10,2020,7,10
193,2020-07-11,2020,7,11
194,2020-07-12,2020,7,12
195,2020-07-13,2020,7,13
196,2020-07-14,2020,7,14
197,2020-07-15,2020,7,15
198,2020-07-16,2020,7,16
199,2020-07-17,2020,7,17
200,2020-07-18,2020,7,18
201,2020-07-19,2020,7,19
202,2020-07-20,2020,7,20
203,2020-07-21,2020,7,21
204,2020-07-22,2020,7,22
205,2020-07-23,2020,7,23
206,2020-07-24,2020,7,24
207,2020-07-25,2020,7,25
208,2020-07-26,2020,7,26
209,2020-07-27,2020,7,27
210,2020-07-28,2020,7,28
211,2020-07-29,2020,7,29
212,2020-07-30,2020,7,30
213,2020-07-31,2020,7,31
214,2020-08-01,2020,8,1
215,2020-08-02,2020,8,2
216,2020-08-03,2020,8,3
217,2020-08-04,2020,8,4
218,2020-08-05,2020,8,5
219,2020-08-06,2020,8,6
220,2020-08-07,2020,8,7
221,2020-08-08,2020,8,8
222,2020-08-09,2020,8,9
223,2020-08-10,2020,8,10
224,2020-08-11,2020,8,11
225,2020-08-12,2020,8,12
226,2020-08-13,2020,8,13
227,2020-08-14,2020,8,14
228,2020-08-15,2020,8,15
229,2020-08-16,2020,8,16
230,2020-08-17,2020,8,17
231,2020-08-18,2020,8,18
232,2020-08-19,2020,8,19
233,2020-08-20,2020,8,20
234,2020-08-21,2020,8,21
235,2020-08-22,2020,8,22
236,2020-08-23,2020,8,23
237,2020-08-24,2020,8,24
238,2020-08-25,2020,8,25
239,2020-08-26,2020,8,26
240,2020-08-27,2020,8,27
241,2020-08-28,2020,8,28
242,2020-08-29,2020,8,29
243,2020-08-30,2020,8,30
244,2020-08-31,2020,8,31
245,2020-09-01,2020,9,1
246,2020-09-02,2020,9,2
247,2020-09-03,2020,9,3
248,2020-09-04,2020,9,4
249,2020-09-05,2020,9,5
250,2020-09-06,2020,9,6
251,2020-09-07,2020,9,7
252,2020-09-08,2020,9,8
253,2020-09-09,2020,9,9
254,2020-09-10,2020,9,10
255,2020-09-11,2020,9,11
256,2020-09-12,2020,9,12
257,2020-09-13,2020,9,13
258,2020-09-14,2020,9,14
259,2020-09-15,2020,9,15
260,2020-09-16,2020,9,16
261,2020-09-17,2020,9,17
262,2020-09-18,2020,9,18
263,2020-09-19,2020,9,19
264,2020-09-20,2020,9,20
265,2020-09-21,2020,9,21
266,2020-09-22,2020,9,22
267,2020-09-23,2020,9,23
268,2020-09-24,2020,9,24
269,2020-09-25,2020,9,25
270,2020-09-26,2020,9,26
271,2020-09-27,2020,9,27
272,2020-09-28,2020,9,28
273,2020-09-29,2020,9,29
274,2020-09-30,2020,9,30
275,2020-10-01,2020,10,1
276,2020-10-02,2020,10,2
277,2020-10-03,2020,10,3
278,2020-10-04,2020,10,4
279,2020-10-05,2020,10,5
280,2020-10-06,2020,10,6
281,2020-10-07,2020,10,7
282,2020-10-08,2020,10,8
283,2020-10-09,2020,10,9
284,2020-10-10,2020,10,10
285,2020-10-11,2020,10,11
286,2020-10-12,2020,10,12
287,2020-10-13,2020,10,13
288,2020-10-14,2020,10,14
289,2020-10-15,2020,10,15
290,2020-10-16,2020,10,16
291,2020-10-17,2020,10,17
292,2020-10-18,2020,10,18
293,2020-10-19,2020,10,19
294,2020-10-20,2020,10,20
295,2020-10-21,2020,10,21
296,2020-10-22,2020,10,22
297,2020-10-23,2020,10,23
298,2020-10-24,2020,10,24
299,2020-10-25,2020,10,25
300,2020-10-26,2020,10,26
301,2020-10-27,2020,10,27
302,2020-10-28,2020,10,28
303,2020-10-29,2020,10,29
304,2020-10-30,2020,10,30
305,2020-10-31,2020,10,31
306,2020-11-01,2020,11,1
307,2020-11-02,2020,11,2
308,2020-11-03,2020,11,3
309,2020-11-04,2020,11,4
310,2020-11-05,2020,11,5
311,2020-11-06,2020,11,6
312,2020-11-07,2020,11,7
313,2020-11-08,2020,11,8
314,2020-11-09,2020,11,9
315,2020-11-10,2020,11,10
316,2020-11-11,2020,11,11
317,2020-11-12,2020,11,12
318,2020-11-13,2020,11,13
319,2020-11-14,2020,11,14
320,2020-11-15,2020,11,15
321,2020-11-16,2020,11,16
322,2020-11-17,2020,11,17
323,2020-11-18,2020,11,18
324,2020-11-19,2020,11,19
325,2020-11-20,2020,11,20
326,2020-11-21,2020,11,21
327,2020-11-22,2020,11,22
328,2020-11-23,2020,11,23
329,2020-11-24,2020,11,24
330,2020-11-25,2020,11,25
331,2020-11-26,2020,11,26
332,2020-11-27,2020,11,27
333,2020-11-28,2020,11,28
334,2020-11-29,2020,11,29
335,2020-11-30,2020,11,30
336,2020-12-01,2020,12,1
337,2020-12-02,2020,12,2
338,2020-12-03,2020,12,3
339,2020-12-04,2020,12,4
340,2020-12-05,2020,12,5
341,2020-12-06,2020,12,6
342,2020-12-07,2020,12,7
343,2020-12-08,2020,12,8
344,2020-12-09,2020,12,9
345,2020-12-10,2020,12,10
346,2020-12-11,2020,12,11
347,2020-12-12,2020,12,12
348,2020-12-13,2020,12,13
349,2020-12-14,2020,12,14
350,2020-12-15,2020,12,15
351,2020-12-16,2020,12,16
352,2020-12-17,2020,12,17
353,2020-12-18,2020,12,18
354,2020-12-19,2020,12,19
355,2020-12-20,2020,12,20
356,2020-12-21,2020,12,21
357,2020-12-22,2020,12,22
358,2020-12-23,2020,12,23
359,2020-12-24,2020,12,24
360,2020-12-25,2020,12,25
361,2020-12-26,2020,12,26
362,2020-12-27,2020,12,27
363,2020-12-28,2020,12,28
364,2020-12-29,2020,12,29
365,2020-12-30,2020,12,30
366,2020-12-31,2020,12,31
367,2021-01-01,2021,1,1
368,2021-01-02,2021,1,2
369,2021-01-03,2021,1,3
370,2021-01-04,2021,1,4
371,2021-01-05,2021,1,5
372,2021-01-06,2021,1,6
373,2021-01-07,2021,1,7
374,2021-01-08,2021,1,8
375,2021-01-09,2021,1,9
376,2021-01-10,2021,1,10
377,2021-01-11,2021,1,11
378,2021-01-12,2021,1,12
379,2021-01-13,2021,1,13
380,2021-01-14,2021,1,14
381,2021-01-15,2021,1,15
382,2021-01-16,2021,1,16
383,2021-01-17,2021,1,17
384,2021-01-18,2021,1,18
385,2021-01-19,2021,1,19
386,2021-01-20,2021,1,20
387,2021-01-21,2021,1,21
388,2021-01-22,2021,1,22
389,2021-01-23,2021,1,23
390,2021-01-24,2021,1,24
391,2021-01-25,2021,1,25
392,2021-01-26,2021,1,26
393,2021-01-27,2021,1,27
394,2021-01-28,2021,1,28
395,2021-01-29,2021,1,29
396,2021-01-30,2021,1,30
397,2021-01-31,2021,1,31
398,2021-02-01,2021,2,1
399,2021-02-02,2021,2,2
400,2021-02-03,2021,2,3
401,2021-02-04,2021,2,4
402,2021-02-05,2021,2,5
403,2021-02-06,2021,2,6
404,2021-02-07,2021,2,7
405,2021-02-08,2021,2,8
406,2021-02-09,2021,2,9
407,2021-02-10,2021,2,10
408,2021-02-11,2021,2,11
409,2021-02-12,2021,2,12
410,2021-02-13,2021,2,13
411,2021-02-14,2021,2,14
412,2021-02-15,2021,2,15
413,2021-02-16,2021,2,16
414,2021-02-17,2021,2,17
415,2021-02-18,2021,2,18
416,2021-02-19,2021,2,19
417,2021-02-20,2021,2,20
418,2021-02-21,2021,2,21
419,2021-02-22,2021,2,22
420,2021-02-23,2021,2,23
421,2021-02-24,2021,2,24
422,2021-02-25,2021,2,25
423,2021-02-26,2021,2,26
424,2021-02-27,2021,2,27
425,2021-02-28,2021,2,28
426,2021-03-01,2021,3,1
427,2021-03-02,2021,3,2
428,2021-03-03,2021,3,3
429,2021-03-04,2021,3,4
430,2021-03-05,2021,3,5
431,2021-03-06,2021,3,6
432,2021-03-07,2021,3,7
433,2021-03-08,2021,3,8
434,2021-03-09,2021,3,9
435,2021-03-10,2021,3,10
436,2021-03-11,2021,3,11
437,2021-03-12,2021,3,12
438,2021-03-13,2021,3,13
439,2021-03-14,2021,3,14
440,2021-03-15,2021,3,15
441,2021-03-16,2021,3,16
442,2021-03-17,2021,3,17
443,2021-03-18,2021,3,18
444,2021-03-19,2021,3,19
445,2021-03-20,2021,3,20
446,2021-03-21,2021,3,21
447,2021-03-22,2021,3,22
448,2021-03-23,2021,3,23
449,2021-03-24,2021,3,24
450,2021-03-25,2021,3,25
451,2021-03-26,2021,3,26
452,2021-03-27,2021,3,27
453,2021-03-28,2021,3,28
454,2021-03-29,2021,3,29
455,2021-03-30,2021,3,30
456,2021-03-31,2021,3,31
457,2021-04-01,2021,4,1
458,2021-04-02,2021,4,2
459,2021-04-03,2021,4,3
460,2021-04-04,2021,4,4
461,2021-04-05,2021,4,5
462,2021-04-06,2021,4,6
463,2021-04-07,2021,4,7
464,2021-04-08,2021,4,8
465,2021-04-09,2021,4,9
466,2021-04-10,2021,4,10
467,2021-04-11,2021,4,11
468,2021-04-12,2021,4,12
469,2021-04-13,2021,4,13
470,2021-04-14,2021,4,14
471,2021-04-15,2021,4,15
472,2021-04-16,2021,4,16
473,2021-04-17,2021,4,17
474,2021-04-18,2021,4,18
475,2021-04-19,2021,4,19
476,2021-04-20,2021,4,20
477,2021-04-21,2021,4,21
478,2021-04-22,2021,4,22
479,2021-04-23,2021,4,23
480,2021-04-24,2021,4,24
481,2021-04-25,2021,4,25
482,2021-04-26,2021,4,26
483,2021-04-27,2021,4,27
484,2021-04-28,2021,4,28
485,2021-04-29,2021,4,29
486,2021-04-30,2021,4,30
487,2021-05-01,2021,5,1
488,2021-05-02,2021,5,2
489,2021-05-03,2021,5,3
490,2021-05-04,2021,5,4
491,2021-05-05,2021,5,5
492,2021-05-06,2021,5,6
493,2021-05-07,2021,5,7
494,2021-05-08,2021,5,8
495,2021-05-09,2021,5,9
496,2021-05-10,2021,5,10
497,2021-05-11,2021,5,11
498,2021-05-12,2021,5,12
499,2021-05-13,2021,5,13
500,2021-05-14,2021,5,14
501,2021-05-15,2021,5,15
502,2021-05-16,2021,5,16
503,2021-05-17,2021,5,17
504,2021-05-18,2021,5,18
505,2021-05-19,2021,5,19
506,2021-05-20,2021,5,20
507,2021-05-21,2021,5,21
508,2021-05-22,2021,5,22
509,2021-05-23,2021,5,23
510,2021-05-24,2021,5,24
511,2021-05-25,2021,5,25
512,2021-05-26,2021,5,26
513,2021-05-27,2021,5,27
514,2021-05-28,2021,5,28
515,2021-05-29,2021,5,29
516,2021-05-30,2021,5,30
517,2021-05-31,2021,5,31
518,2021-06-01,2021,6,1
519,2021-06-02,2021,6,2
520,2021-06-03,2021,6,3
521,2021-06-04,2021,6,4
522,2021-06-05,2021,6,5
523,2021-06-06,2021,6,6
524,2021-06-07,2021,6,7
525,2021-06-08,2021,6,8
526,2021-06-09,2021,6,9
527,2021-06-10,2021,6,10
528,2021-06-11,2021,6,11
529,2021-06-12,2021,6,12
530,2021-06-13,2021,6,13
531,2021-06-14,2021,6,14
532,2021-06-15,2021,6,15
533,2021-06-16,2021,6,16
534,2021-06-17,2021,6,17
535,2021-06-18,2021,6,18
536,2021-06-19,2021,6,19
537,2021-06-20,2021,6,20
538,2021-06-21,2021,6,21
539,2021-06-22,2021,6,22
540,2021-06-23,2021,6,23
541,2021-06-24,2021,6,24
542,2021-06-25,2021,6,25
543,2021-06-26,2021,6,26
544,2021-06-27,2021,6,27
545,2021-06-28,2021,6,28
546,2021-06-29,2021,6,29
547,2021-06-30,2021,6,30
548,2021-07-01,2021,7,1
549,2021-07-02,2021,7,2
550,2021-07-03,2021,7,3
551,2021-07-04,2021,7,4
552,2021-07-05,2021,7,5
553,2021-07-06,2021,7,6
554,2021-07-07,2021,7,7
555,2021-07-08,2021,7,8
556,2021-07-09,2021,7,9
557,2021-07-10,2021,7,10
558,2021-07-11,2021,7,11
559,2021-07-12,2021,7,12
560,2021-07-13,2021,7,13
561,2021-07-14,2021,7,14
562,2021-07-15,2021,7,15
563,2021-07-16,2021,7,16
564,2021-07-17,2021,7,17
565,2021-07-18,2021,7,18
566,2021-07-19,2021,7,19
567,2021-07-20,2021,7,20
568,2021-07-21,2021,7,21
569,2021-07-22,2021,7,22
570,2021-07-23,2021,7,23
571,2021-07-24,2021,7,24
572,2021-07-25,2021,7,25
573,2021-07-26,2021,7,26
574,2021-07-27,2021,7,27
575,2021-07-28,2021,7,28
576,2021-07-29,2021,7,29
577,2021-07-30,2021,7,30
578,2021-07-31,2021,7,31
579,2021-08-01,2021,8,1
580,2021-08-02,2021,8,2
581,2021-08-03,2021,8,3
582,2021-08-04,2021,8,4
583,2021-08-05,2021,8,5
584,2021-08-06,2021,8,6
585,2021-08-07,2021,8,7
586,2021-08-08,2021,8,8
587,2021-08-09,2021,8,9
588,2021-08-10,2021,8,10
589,2021-08-11,2021,8,11
590,2021-08-12,2021,8,12
591,2021-08-13,2021,8,13
592,2021-08-14,2021,8,14
593,2021-08-15,2021,8,15
594,2021-08-16,2021,8,16
595,2021-08-17,2021,8,17
596,2021-08-18,2021,8,18
597,2021-08-19,2021,8,19
598,2021-08-20,2021,8,20
599,2021-08-21,2021,8,21
600,2021-08-22,2021,8,22
601,2021-08-23,2021,8,23
602,2021-08-24,2021,8,24
603,2021-08-25,2021,8,25
604,2021-08-26,2021,8,26
605,2021-08-27,2021,8,27
606,2021-08-28,2021,8,28
607,2021-08-29,2021,8,29
608,2021-08-30,2021,8,30
609,2021-08-31,2021,8,31
610,2021-09-01,2021,9,1
611,2021-09-02,2021,9,2
612,2021-09-03,2021,9,3
613,2021-09-04,2021,9,4
614,2021-09-05,2021,9,5
615,2021-09-06,2021,9,6
616,2021-09-07,2021,9,7
617,2021-09-08,2021,9,8
618,2021-09-09,2021,9,9
619,2021-09-10,2021,9,10
620,2021-09-11,2021,9,11
621,2021-09-12,2021,9,12
622,2021-09-13,2021,9,13
623,2021-09-14,2021,9,14
624,2021-09-15,2021,9,15
625,2021-09-16,2021,9,16
626,2021-09-17,2021,9,17
627,2021-09-18,2021,9,18
628,2021-09-19,2021,9,19
629,2021-09-20,2021,9,20
630,2021-09-21,2021,9,21
631,2021-09-22,2021,9,22
632,2021-09-23,2021,9,23
633,2021-09-24,2021,9,24
634,2021-09-25,2021,9,25
635,2021-09-26,2021,9,26
636,2021-09-27,2021,9,27
637,2021-09-28,2021,9,28
638,2021-09-29,2021,9,29
639,2021-09-30,2021,9,30
640,2021-10-01,2021,10,1
641,2021-10-02,2021,10,2
642,2021-10-03,2021,10,3
643,2021-10-04,2021,10,4
644,2021-10-05,2021,10,5
645,2021-10-06,2021,10,6
646,2021-10-07,2021,10,7
647,2021-10-08,2021,10,8
648,2021-10-09,2021,10,9
649,2021-10-10,2021,10,10
650,2021-10-11,2021,10,11
651,2021-10-12,2021,10,12
652,2021-10-13,2021,10,13
653,2021-10-14,2021,10,14
654,2021-10-15,2021,10,15
655,2021-10-16,2021,10,16
656,2021-10-17,2021,10,17
657,2021-10-18,2021,10,18
658,2021-10-19,2021,10,19
659,2021-10-20,2021,10,20
660,2021-10-21,2021,10,21
661,2021-10-22,2021,10,22
662,2021-10-23,2021,10,23
663,2021-10-24,2021,10,24
664,2021-10-25,2021,10,25
665,2021-10-26,2021,10,26
666,2021-10-27,2021,10,27
667,2021-10-28,2021,10,28
668,2021-10-29,2021,10,29
669,2021-10-30,2021,10,30
670,2021-10-31,2021,10,31
671,2021-11-01,2021,11,1
672,2021-11-02,2021,11,2
673,2021-11-03,2021,11,3
674,2021-11-04,2021,11,4
675,2021-11-05,2021,11,5
676,2021-11-06,2021,11,6
677,2021-11-07,2021,11,7
678,2021-11-08,2021,11,8
679,2021-11-09,2021,11,9
680,2021-11-10,2021,11,10
681,2021-11-11,2021,11,11
682,2021-11-12,2021,11,12
683,2021-11-13,2021,11,13
684,2021-11-14,2021,11,14
685,2021-11-15,2021,11,15
686,2021-11-16,2021,11,16
687,2021-11-17,2021,11,17
688,2021-11-18,2021,11,18
689,2021-11-19,2021,11,19
690,2021-11-20,2021,11,20
691,2021-11-21,2021,11,21
692,2021-11-22,2021,11,22
693,2021-11-23,2021,11,23
694,2021-11-24,2021,11,24
695,2021-11-25,2021,11,25
696,2021-11-26,2021,11,26
697,2021-11-27,2021,11,27
698,2021-11-28,2021,11,28
699,2021-11-29,2021,11,29
700,2021-11-30,2021,11,30
701,2021-12-01,2021,12,1
702,2021-12-02,2021,12,2
703,2021-12-03,2021,12,3
704,2021-12-04,2021,12,4
705,2021-12-05,2021,12,5
706,2021-12-06,2021,12,6
707,2021-12-07,2021,12,7
708,2021-12-08,2021,12,8
709,2021-12-09,2021,12,9
710,2021-12-10,2021,12,10
711,2021-12-11,2021,12,11
712,2021-12-12,2021,12,12
713,2021-12-13,2021,12,13
714,2021-12-14,2021,12,14
715,2021-12-15,2021,12,15
716,2021-12-16,2021,12,16
717,2021-12-17,2021,12,17
718,2021-12-18,2021,12,18
719,2021-12-19,2021,12,19
720,2021-12-20,2021,12,20
721,2021-12-21,2021,12,21
722,2021-12-22,2021,12,22
723,2021-12-23,2021,12,23
724,2021-12-24,2021,12,24
725,2021-12-25,2021,12,25
726,2021-12-26,2021,12,26
727,2021-12-27,2021,12,27
728,2021-12-28,2021,12,28
729,2021-12-29,2021,12,29
730,2021-12-30,2021,12,30
731,2021-12-31,2021,12,31
732,2022-01-01,2022,1,1
733,2022-01-02,2022,1,2
734,2022-01-03,2022,1,3
735,2022-01-04,2022,1,4
736,2022-01-05,2022,1,5
737,2022-01-06,2022,1,6
738,2022-01-07,2022,1,7
739,2022-01-08,2022,1,8
740,2022-01-09,2022,1,9
741,2022-01-10,2022,1,10
742,2022-01-11,2022,1,11
743,2022-01-12,2022,1,12
744,2022-01-13,2022,1,13
745,2022-01-14,2022,1,14
746,2022-01-15,2022,1,15
747,2022-01-16,2022,1,16
748,2022-01-17,2022,1,17
749,2022-01-18,2022,1,18
750,2022-01-19,2022,1,19
751,2022-01-20,2022,1,20
752,2022-01-21,2022,1,21
753,2022-01-22,2022,1,22
754,2022-01-23,2022,1,23
755,2022-01-24,2022,1,24
756,2022-01-25,2022,1,25
757,2022-01-26,2022,1,26
758,2022-01-27,2022,1,27
759,2022-01-28,2022,1,28
760,2022-01-29,2022,1,29
761,2022-01-30,2022,1,30
762,2022-01-31,2022,1,31
763,2022-02-01,2022,2,1
764,2022-02-02,2022,2,2
765,2022-02-03,2022,2,3
766,2022-02-04,2022,2,4
767,2022-02-05,2022,2,5
768,2022-02-06,2022,2,6
769,2022-02-07,2022,2,7
770,2022-02-08,2022,2,8
771,2022-02-09,2022,2,9
772,2022-02-10,2022,2,10
773,2022-02-11,2022,2,11
774,2022-02-12,2022,2,12
775,2022-02-13,2022,2,13
776,2022-02-14,2022,2,14
777,2022-02-15,2022,2,15
778,2022-02-16,2022,2,16
779,2022-02-17,2022,2,17
780,2022-02-18,2022,2,18
781,2022-02-19,2022,2,19
782,2022-02-20,2022,2,20
783,2022-02-21,2022,2,21
784,2022-02-22,2022,2,22
785,2022-02-23,2022,2,23
786,2022-02-24,2022,2,24
787,2022-02-25,2022,2,25
788,2022-02-26,2022,2,26
789,2022-02-27,2022,2,27
790,2022-02-28,2022,2,28
791,2022-03-01,2022,3,1
792,2022-03-02,2022,3,2
793,2022-03-03,2022,3,3
794,2022-03-04,2022,3,4
795,2022-03-05,2022,3,5
796,2022-03-06,2022,3,6
797,2022-03-07,2022,3,7
798,2022-03-08,2022,3,8
799,2022-03-09,2022,3,9
800,2022-03-10,2022,3,10
801,2022-03-11,2022,3,11
802,2022-03-12,2022,3,12
803,2022-03-13,2022,3,13
804,2022-03-14,2022,3,14
805,2022-03-15,2022,3,15
806,2022-03-16,2022,3,16
807,2022-03-17,2022,3,17
808,2022-03-18,2022,3,18
809,2022-03-19,2022,3,19
810,2022-03-20,2022,3,20
811,2022-03-21,2022,3,21
812,2022-03-22,2022,3,22
813,2022-03-23,2022,3,23
814,2022-03-24,2022,3,24
815,2022-03-25,2022,3,25
816,2022-03-26,2022,3,26
817,2022-03-27,2022,3,27
818,2022-03-28,2022,3,28
819,2022-03-29,2022,3,29
820,2022-03-30,2022,3,30
821,2022-03-31,2022,3,31
822,2022-04-01,2022,4,1
823,2022-04-02,2022,4,2
824,2022-04-03,2022,4,3
825,2022-04-04,2022,4,4
826,2022-04-05,2022,4,5
827,2022-04-06,2022,4,6
828,2022-04-07,2022,4,7
829,2022-04-08,2022,4,8
830,2022-04-09,2022,4,9
831,2022-04-10,2022,4,10
832,2022-04-11,2022,4,11
833,2022-04-12,2022,4,12
834,2022-04-13,2022,4,13
835,2022-04-14,2022,4,14
836,2022-04-15,2022,4,15
837,2022-04-16,2022,4,16
838,2022-04-17,2022,4,17
839,2022-04-18,2022,4,18
840,2022-04-19,2022,4,19
841,2022-04-20,2022,4,20
842,2022-04-21,2022,4,21
843,2022-04-22,2022,4,22
844,2022-04-23,2022,4,23
845,2022-04-24,2022,4,24
846,2022-04-25,2022,4,25
847,2022-04-26,2022,4,26
848,2022-04-27,2022,4,27
849,2022-04-28,2022,4,28
850,2022-04-29,2022,4,29
851,2022-04-30,2022,4,30
852,2022-05-01,2022,5,1
853,2022-05-02,2022,5,2
854,2022-05-03,2022,5,3
855,2022-05-04,2022,5,4
856,2022-05-05,2022,5,5
857,2022-05-06,2022,5,6
858,2022-05-07,2022,5,7
859,2022-05-08,2022,5,8
860,2022-05-09,2022,5,9
861,2022-05-10,2022,5,10
862,2022-05-11,2022,5,11
863,2022-05-12,2022,5,12
864,2022-05-13,2022,5,13
865,2022-05-14,2022,5,14
866,2022-05-15,2022,5,15
867,2022-05-16,2022,5,16
868,2022-05-17,2022,5,17
869,2022-05-18,2022,5,18
870,2022-05-19,2022,5,19
871,2022-05-20,2022,5,20
872,2022-05-21,2022,5,21
873,2022-05-22,2022,5,22
874,2022-05-23,2022,5,23
875,2022-05-24,2022,5,24
876,2022-05-25,2022,5,25
877,2022-05-26,2022,5,26
878,2022-05-27,2022,5,27
879,2022-05-28,2022,5,28
880,2022-05-29,2022,5,29
881,2022-05-30,2022,5,30
882,2022-05-31,2022,5,31
883,2022-06-01,2022,6,1
884,2022-06-02,2022,6,2
885,2022-06-03,2022,6,3
886,2022-06-04,2022,6,4
887,2022-06-05,2022,6,5
888,2022-06-06,2022,6,6
889,2022-06-07,2022,6,7
890,2022-06-08,2022,6,8
891,2022-06-09,2022,6,9
892,2022-06-10,2022,6,10
893,2022-06-11,2022,6,11
894,2022-06-12,2022,6,12
895,2022-06-13,2022,6,13
896,2022-06-14,2022,6,14
897,2022-06-15,2022,6,15
898,2022-06-16,2022,6,16
899,2022-06-17,2022,6,17
900,2022-06-18,2022,6,18
901,2022-06-19,2022,6,19
902,2022-06-20,2022,6,20
903,2022-06-21,2022,6,21
904,2022-06-22,2022,6,22
905,2022-06-23,2022,6,23
906,2022-06-24,2022,6,24
907,2022-06-25,2022,6,25
908,2022-06-26,2022,6,26
909,2022-06-27,2022,6,27
910,2022-06-28,2022,6,28
911,2022-06-29,2022,6,29
912,2022-06-30,2022,6,30
913,2022-07-01,2022,7,1
914,2022-07-02,2022,7,2
915,2022-07-03,2022,7,3
916,2022-07-04,2022,7,4
917,2022-07-05,2022,7,5
918,2022-07-06,2022,7,6
919,2022-07-07,2022,7,7
920,2022-07-08,2022,7,8
921,2022-07-09,2022,7,9
922,2022-07-10,2022,7,10
923,2022-07-11,2022,7,11
924,2022-07-12,2022,7,12
925,2022-07-13,2022,7,13
926,2022-07-14,2022,7,14
927,2022-07-15,2022,7,15
928,2022-07-16,2022,7,16
929,2022-07-17,2022,7,17
930,2022-07-18,2022,7,18
931,2022-07-19,2022,7,19
932,2022-07-20,2022,7,20
933,2022-07-21,2022,7,21
934,2022-07-22,2022,7,22
935,2022-07-23,2022,7,23
936,2022-07-24,2022,7,24
937,2022-07-25,2022,7,25
938,2022-07-26,2022,7,26
939,2022-07-27,2022,7,27
940,2022-07-28,2022,7,28
941,2022-07-29,2022,7,29
942,2022-07-30,2022,7,30
943,2022-07-31,2022,7,31
944,2022-08-01,2022,8,1
945,2022-08-02,2022,8,2
946,2022-08-03,2022,8,3
947,2022-08-04,2022,8,4
948,2022-08-05,2022,8,5
949,2022-08-06,2022,8,6
950,2022-08-07,2022,8,7
951,2022-08-08,2022,8,8
952,2022-08-09,2022,8,9
953,2022-08-10,2022,8,10
954,2022-08-11,2022,8,11
955,2022-08-12,2022,8,12
956,2022-08-13,2022,8,13
957,2022-08-14,2022,8,14
958,2022-08-15,2022,8,15
959,2022-08-16,2022,8,16
960,2022-08-17,2022,8,17
961,2022-08-18,2022,8,18
962,2022-08-19,2022,8,19
963,2022-08-20,2022,8,20
964,2022-08-21,2022,8,21
965,2022-08-22,2022,8,22
966,2022-08-23,2022,8,23
967,2022-08-24,2022,8,24
968,2022-08-25,2022,8,25
969,2022-08-26,2022,8,26
970,2022-08-27,2022,8,27
971,2022-08-28,2022,8,28
972,2022-08-29,2022,8,29
973,2022-08-30,2022,8,30
974,2022-08-31,2022,8,31
975,2022-09-01,2022,9,1
976,2022-09-02,2022,9,2
977,2022-09-03,2022,9,3
978,2022-09-04,2022,9,4
979,2022-09-05,2022,9,5
980,2022-09-06,2022,9,6
981,2022-09-07,2022,9,7
982,2022-09-08,2022,9,8
983,2022-09-09,2022,9,9
984,2022-09-10,2022,9,10
985,2022-09-11,2022,9,11
986,2022-09-12,2022,9,12
987,2022-09-13,2022,9,13
988,2022-09-14,2022,9,14
989,2022-09-15,2022,9,15
990,2022-09-16,2022,9,16
991,2022-09-17,2022,9,17
992,2022-09-18,2022,9,18
993,2022-09-19,2022,9,19
994,2022-09-20,2022,9,20
995,2022-09-21,2022,9,21
996,2022-09-22,2022,9,22
997,2022-09-23,2022,9,23
998,2022-09-24,2022,9,24
999,2022-09-25,2022,9,25
1000,2022-09-26,2022,9,26
1001,2022-09-27,2022,9,27
1002,2022-09-28,2022,9,28
1003,2022-09-29,2022,9,29
1004,2022-09-30,2022,9,30
1005,2022-10-01,2022,10,1
1006,2022-10-02,2022,10,2
1007,2022-10-03,2022,10,3
1008,2022-10-04,2022,10,4
1009,2022-10-05,2022,10,5
1010,2022-10-06,2022,10,6
1011,2022-10-07,2022,10,7
1012,2022-10-08,2022,10,8
1013,2022-10-09,2022,10,9
1014,2022-10-10,2022,10,10
1015,2022-10-11,2022,10,11
1016,2022-10-12,2022,10,12
1017,2022-10-13,2022,10,13
1018,2022-10-14,2022,10,14
1019,2022-10-15,2022,10,15
1020,2022-10-16,2022,10,16
1021,2022-10-17,2022,10,17
1022,2022-10-18,2022,10,18
1023,2022-10-19,2022,10,19
1024,2022-10-20,2022,10,20
1025,2022-10-21,2022,10,21
1026,2022-10-22,2022,10,22
1027,2022-10-23,2022,10,23
1028,2022-10-24,2022,10,24
1029,2022-10-25,2022,10,25
1030,2022-10-26,2022,10,26
1031,2022-10-27,2022,10,27
1032,2022-10-28,2022,10,28
1033,2022-10-29,2022,10,29
1034,2022-10-30,2022,10,30
1035,2022-10-31,2022,10,31
1036,2022-11-01,2022,11,1
1037,2022-11-02,2022,11,2
1038,2022-11-03,2022,11,3
1039,2022-11-04,2022,11,4
1040,2022-11-05,2022,11,5
1041,2022-11-06,2022,11,6
1042,2022-11-07,2022,11,7
1043,2022-11-08,2022,11,8
1044,2022-11-09,2022,11,9
1045,2022-11-10,2022,11,10
1046,2022-11-11,2022,11,11
1047,2022-11-12,2022,11,12
1048,2022-11-13,2022,11,13
1049,2022-11-14,2022,11,14
1050,2022-11-15,2022,11,15
1051,2022-11-16,2022,11,16
1052,2022-11-17,2022,11,17
1053,2022-11-18,2022,11,18
1054,2022-11-19,2022,11,19
1055,2022-11-20,2022,11,20
1056,2022-11-21,2022,11,21
1057,2022-11-22,2022,11,22
1058,2022-11-23,2022,11,23
1059,2022-11-24,2022,11,24
1060,2022-11-25,2022,11,25
1061,2022-11-26,2022,11,26
1062,2022-11-27,2022,11,27
1063,2022-11-28,2022,11,28
1064,2022-11-29,2022,11,29
1065,2022-11-30,2022,11,30
1066,2022-12-01,2022,12,1
1067,2022-12-02,2022,12,2
1068,2022-12-03,2022,12,3
1069,2022-12-04,2022,12,4
1070,2022-12-05,2022,12,5
1071,2022-12-06,2022,12,6
1072,2022-12-07,2022,12,7
1073,2022-12-08,2022,12,8
1074,2022-12-09,2022,12,9
1075,2022-12-10,2022,12,10
1076,2022-12-11,2022,12,11
1077,2022-12-12,2022,12,12
1078,2022-12-13,2022,12,13
1079,2022-12-14,2022,12,14
1080,2022-12-15,2022,12,15
1081,2022-12-16,2022,12,16
1082,2022-12-17,2022,12,17
1083,2022-12-18,2022,12,18
1084,2022-12-19,2022,12,19
1085,2022-12-20,2022,12,20
1086,2022-12-21,2022,12,21
1087,2022-12-22,2022,12,22
1088,2022-12-23,2022,12,23
1089,2022-12-24,2022,12,24
1090,2022-12-25,2022,12,25
1091,2022-12-26,2022,12,26
1092,2022-12-27,2022,12,27
1093,2022-12-28,2022,12,28
1094,2022-12-29,2022,12,29
1095,2022-12-30,2022,12,30
1096,2022-12-31,2022,12,31
1097,2023-01-01,2023,1,1
1098,2023-01-02,2023,1,2
1099,2023-01-03,2023,1,3
1100,2023-01-04,2023,1,4
1101,2023-01-05,2023,1,5
1102,2023-01-06,2023,1,6
1103,2023-01-07,2023,1,7
1104,2023-01-08,2023,1,8
1105,2023-01-09,2023,1,9
1106,2023-01-10,2023,1,10
1107,2023-01-11,2023,1,11
1108,2023-01-12,2023,1,12
1109,2023-01-13,2023,1,13
1110,2023-01-14,2023,1,14
1111,2023-01-15,2023,1,15
1112,2023-01-16,2023,1,16
1113,2023-01-17,2023,1,17
1114,2023-01-18,2023,1,18
1115,2023-01-19,2023,1,19
1116,2023-01-20,2023,1,20
1117,2023-01-21,2023,1,21
1118,2023-01-22,2023,1,22
1119,2023-01-23,2023,1,23
1120,2023-01-24,2023,1,24
1121,2023-01-25,2023,1,25
1122,2023-01-26,2023,1,26
1123,2023-01-27,2023,1,27
1124,2023-01-28,2023,1,28
1125,2023-01-29,2023,1,29
1126,2023-01-30,2023,1,30
1127,2023-01-31,2023,1,31
1128,2023-02-01,2023,2,1
1129,2023-02-02,2023,2,2
1130,2023-02-03,2023,2,3
1131,2023-02-04,2023,2,4
1132,2023-02-05,2023,2,5
1133,2023-02-06,2023,2,6
1134,2023-02-07,2023,2,7
1135,2023-02-08,2023,2,8
1136,2023-02-09,2023,2,9
1137,2023-02-10,2023,2,10
1138,2023-02-11,2023,2,11
1139,2023-02-12,2023,2,12
1140,2023-02-13,2023,2,13
1141,2023-02-14,2023,2,14
1142,2023-02-15,2023,2,15
1143,2023-02-16,2023,2,16
1144,2023-02-17,2023,2,17
1145,2023-02-18,2023,2,18
1146,2023-02-19,2023,2,19
1147,2023-02-20,2023,2,20
1148,2023-02-21,2023,2,21
1149,2023-02-22,2023,2,22
1150,2023-02-23,2023,2,23
1151,2023-02-24,2023,2,24
1152,2023-02-25,2023,2,25
1153,2023-02-26,2023,2,26
1154,2023-02-27,2023,2,27
1155,2023-02-28,2023,2,28
1156,2023-03-01,2023,3,1
1157,2023-03-02,2023,3,2
1158,2023-03-03,2023,3,3
1159,2023-03-04,2023,3,4
1160,2023-03-05,2023,3,5
1161,2023-03-06,2023,3,6
1162,2023-03-07,2023,3,7
1163,2023-03-08,2023,3,8
1164,2023-03-09,2023,3,9
1165,2023-03-10,2023,3,10
1166,2023-03-11,2023,3,11
1167,2023-03-12,2023,3,12
1168,2023-03-13,2023,3,13
1169,2023-03-14,2023,3,14
1170,2023-03-15,2023,3,15
1171,2023-03-16,2023,3,16
1172,2023-03-17,2023,3,17
1173,2023-03-18,2023,3,18
1174,2023-03-19,2023,3,19
1175,2023-03-20,2023,3,20
1176,2023-03-21,2023,3,21
1177,2023-03-22,2023,3,22
1178,2023-03-23,2023,3,23
1179,2023-03-24,2023,3,24
1180,2023-03-25,2023,3,25
1181,2023-03-26,2023,3,26
1182,2023-03-27,2023,3,27
1183,2023-03-28,2023,3,28
1184,2023-03-29,2023,3,29
1185,2023-03-30,2023,3,30
1186,2023-03-31,2023,3,31
1187,2023-04-01,2023,4,1
1188,2023-04-02,2023,4,2
1189,2023-04-03,2023,4,3
1190,2023-04-04,2023,4,4
1191,2023-04-05,2023,4,5
1192,2023-04-06,2023,4,6
1193,2023-04-07,2023,4,7
1194,2023-04-08,2023,4,8
1195,2023-04-09,2023,4,9
1196,2023-04-10,2023,4,10
1197,2023-04-11,2023,4,11
1198,2023-04-12,2023,4,12
1199,2023-04-13,2023,4,13
1200,2023-04-14,2023,4,14
1201,2023-04-15,2023,4,15
1202,2023-04-16,2023,4,16
1203,2023-04-17,2023,4,17
1204,2023-04-18,2023,4,18
1205,2023-04-19,2023,4,19
1206,2023-04-20,2023,4,20
1207,2023-04-21,2023,4,21
1208,2023-04-22,2023,4,22
1209,2023-04-23,2023,4,23
1210,2023-04-24,2023,4,24
1211,2023-04-25,2023,4,25
1212,2023-04-26,2023,4,26
1213,2023-04-27,2023,4,27
1214,2023-04-28,2023,4,28
1215,2023-04-29,2023,4,29
1216,2023-04-30,2023,4,30
1217,2023-05-01,2023,5,1
1218,2023-05-02,2023,5,2
1219,2023-05-03,2023,5,3
1220,2023-05-04,2023,5,4
1221,2023-05-05,2023,5,5
1222,2023-05-06,2023,5,6
1223,2023-05-07,2023,5,7
1224,2023-05-08,2023,5,8
1225,2023-05-09,2023,5,9
1226,2023-05-10,2023,5,10
1227,2023-05-11,2023,5,11
1228,2023-05-12,2023,5,12
1229,2023-05-13,2023,5,13
1230,2023-05-14,2023,5,14
1231,2023-05-15,2023,5,15
1232,2023-05-16,2023,5,16
1233,2023-05-17,2023,5,17
1234,2023-05-18,2023,5,18
1235,2023-05-19,2023,5,19
1236,2023-05-20,2023,5,20
1237,2023-05-21,2023,5,21
1238,2023-05-22,2023,5,22
1239,2023-05-23,2023,5,23
1240,2023-05-24,2023,5,24
1241,2023-05-25,2023,5,25
1242,2023-05-26,2023,5,26
1243,2023-05-27,2023,5,27
1244,2023-05-28,2023,5,28
1245,2023-05-29,2023,5,29
1246,2023-05-30,2023,5,30
1247,2023-05-31,2023,5,31
1248,2023-06-01,2023,6,1
1249,2023-06-02,2023,6,2
1250,2023-06-03,2023,6,3
1251,2023-06-04,2023,6,4
1252,2023-06-05,2023,6,5
1253,2023-06-06,2023,6,6
1254,2023-06-07,2023,6,7
1255,2023-06-08,2023,6,8
1256,2023-06-09,2023,6,9
1257,2023-06-10,2023,6,10
1258,2023-06-11,2023,6,11
1259,2023-06-12,2023,6,12
1260,2023-06-13,2023,6,13
1261,2023-06-14,2023,6,14
1262,2023-06-15,2023,6,15
1263,2023-06-16,2023,6,16
1264,2023-06-17,2023,6,17
1265,2023-06-18,2023,6,18
1266,2023-06-19,2023,6,19
1267,2023-06-20,2023,6,20
1268,2023-06-21,2023,6,21
1269,2023-06-22,2023,6,22
1270,2023-06-23,2023,6,23
1271,2023-06-24,2023,6,24
1272,2023-06-25,2023,6,25
1273,2023-06-26,2023,6,26
1274,2023-06-27,2023,6,27
1275,2023-06-28,2023,6,28
1276,2023-06-29,2023,6,29
1277,2023-06-30,2023,6,30
1278,2023-07-01,2023,7,1
1279,2023-07-02,2023,7,2
1280,2023-07-03,2023,7,3
1281,2023-07-04,2023,7,4
1282,2023-07-05,2023,7,5
1283,2023-07-06,2023,7,6
1284,2023-07-07,2023,7,7
1285,2023-07-08,2023,7,8
1286,2023-07-09,2023,7,9
1287,2023-07-10,2023,7,10
1288,2023-07-11,2023,7,11
1289,2023-07-12,2023,7,12
1290,2023-07-13,2023,7,13
1291,2023-07-14,2023,7,14
1292,2023-07-15,2023,7,15
1293,2023-07-16,2023,7,16
1294,2023-07-17,2023,7,17
1295,2023-07-18,2023,7,18
1296,2023-07-19,2023,7,19
1297,2023-07-20,2023,7,20
1298,2023-07-21,2023,7,21
1299,2023-07-22,2023,7,22
1300,2023-07-23,2023,7,23
1301,2023-07-24,2023,7,24
1302,2023-07-25,2023,7,25
1303,2023-07-26,2023,7,26
1304,2023-07-27,2023,7,27
1305,2023-07-28,2023,7,28
1306,2023-07-29,2023,7,29
1307,2023-07-30,2023,7,30
1308,2023-07-31,2023,7,31
1309,2023-08-01,2023,8,1
1310,2023-08-02,2023,8,2
1311,2023-08-03,2023,8,3
1312,2023-08-04,2023,8,4
1313,2023-08-05,2023,8,5
1314,2023-08-06,2023,8,6
1315,2023-08-07,2023,8,7
1316,2023-08-08,2023,8,8
1317,2023-08-09,2023,8,9
1318,2023-08-10,2023,8,10
1319,2023-08-11,2023,8,11
1320,2023-08-12,2023,8,12
1321,2023-08-13,2023,8,13
1322,2023-08-14,2023,8,14
1323,2023-08-15,2023,8,15
1324,2023-08-16,2023,8,16
1325,2023-08-17,2023,8,17
1326,2023-08-18,2023,8,18
1327,2023-08-19,2023,8,19
1328,2023-08-20,2023,8,20
1329,2023-08-21,2023,8,21
1330,2023-08-22,2023,8,22
1331,2023-08-23,2023,8,23
1332,2023-08-24,2023,8,24
1333,2023-08-25,2023,8,25
1334,2023-08-26,2023,8,26
1335,2023-08-27,2023,8,27
1336,2023-08-28,2023,8,28
1337,2023-08-29,2023,8,29
1338,2023-08-30,2023,8,30
1339,2023-08-31,2023,8,31
1340,2023-09-01,2023,9,1
1341,2023-09-02,2023,9,2
1342,2023-09-03,2023,9,3
1343,2023-09-04,2023,9,4
1344,2023-09-05,2023,9,5
1345,2023-09-06,2023,9,6
1346,2023-09-07,2023,9,7
1347,2023-09-08,2023,9,8
1348,2023-09-09,2023,9,9
1349,2023-09-10,2023,9,10
1350,2023-09-11,2023,9,11
1351,2023-09-12,2023,9,12
1352,2023-09-13,2023,9,13
1353,2023-09-14,2023,9,14
1354,2023-09-15,2023,9,15
1355,2023-09-16,2023,9,16
1356,2023-09-17,2023,9,17
1357,2023-09-18,2023,9,18
1358,2023-09-19,2023,9,19
1359,2023-09-20,2023,9,20
1360,2023-09-21,2023,9,21
1361,2023-09-22,2023,9,22
1362,2023-09-23,2023,9,23
1363,2023-09-24,2023,9,24
1364,2023-09-25,2023,9,25
1365,2023-09-26,2023,9,26
1366,2023-09-27,2023,9,27
1367,2023-09-28,2023,9,28
1368,2023-09-29,2023,9,29
1369,2023-09-30,2023,9,30
1370,2023-10-01,2023,10,1
1371,2023-10-02,2023,10,2
1372,2023-10-03,2023,10,3
1373,2023-10-04,2023,10,4
1374,2023-10-05,2023,10,5
1375,2023-10-06,2023,10,6
1376,2023-10-07,2023,10,7
1377,2023-10-08,2023,10,8
1378,2023-10-09,2023,10,9
1379,2023-10-10,2023,10,10
1380,2023-10-11,2023,10,11
1381,2023-10-12,2023,10,12
1382,2023-10-13,2023,10,13
1383,2023-10-14,2023,10,14
1384,2023-10-15,2023,10,15
1385,2023-10-16,2023,10,16
1386,2023-10-17,2023,10,17
1387,2023-10-18,2023,10,18
1388,2023-10-19,2023,10,19
1389,2023-10-20,2023,10,20
1390,2023-10-21,2023,10,21
1391,2023-10-22,2023,10,22
1392,2023-10-23,2023,10,23
1393,2023-10-24,2023,10,24
1394,2023-10-25,2023,10,25
1395,2023-10-26,2023,10,26
1396,2023-10-27,2023,10,27
1397,2023-10-28,2023,10,28
1398,2023-10-29,2023,10,29
1399,2023-10-30,2023,10,30
1400,2023-10-31,2023,10,31
1401,2023-11-01,2023,11,1
1402,2023-11-02,2023,11,2
1403,2023-11-03,2023,11,3
1404,2023-11-04,2023,11,4
1405,2023-11-05,2023,11,5
1406,2023-11-06,2023,11,6
1407,2023-11-07,2023,11,7
1408,2023-11-08,2023,11,8
1409,2023-11-09,2023,11,9
1410,2023-11-10,2023,11,10
1411,2023-11-11,2023,11,11
1412,2023-11-12,2023,11,12
1413,2023-11-13,2023,11,13
1414,2023-11-14,2023,11,14
1415,2023-11-15,2023,11,15
1416,2023-11-16,2023,11,16
1417,2023-11-17,2023,11,17
1418,2023-11-18,2023,11,18
1419,2023-11-19,2023,11,19
1420,2023-11-20,2023,11,20
1421,2023-11-21,2023,11,21
1422,2023-11-22,2023,11,22
1423,2023-11-23,2023,11,23
1424,2023-11-24,2023,11,24
1425,2023-11-25,2023,11,25
1426,2023-11-26,2023,11,26
1427,2023-11-27,2023,11,27
1428,2023-11-28,2023,11,28
1429,2023-11-29,2023,11,29
1430,2023-11-30,2023,11,30
1431,2023-12-01,2023,12,1
1432,2023-12-02,2023,12,2
1433,2023-12-03,2023,12,3
1434,2023-12-04,2023,12,4
1435,2023-12-05,2023,12,5
1436,2023-12-06,2023,12,6
1437,2023-12-07,2023,12,7
1438,2023-12-08,2023,12,8
1439,2023-12-09,2023,12,9
1440,2023-12-10,2023,12,10
1441,2023-12-11,2023,12,11
1442,2023-12-12,2023,12,12
1443,2023-12-13,2023,12,13
1444,2023-12-14,2023,12,14
1445,2023-12-15,2023,12,15
1446,2023-12-16,2023,12,16
1447,2023-12-17,2023,12,17
1448,2023-12-18,2023,12,18
1449,2023-12-19,2023,12,19
1450,2023-12-20,2023,12,20
1451,2023-12-21,2023,12,21
1452,2023-12-22,2023,12,22
1453,2023-12-23,2023,12,23
1454,2023-12-24,2023,12,24
1455,2023-12-25,2023,12,25
1456,2023-12-26,2023,12,26
1457,2023-12-27,2023,12,27
1458,2023-12-28,2023,12,28
1459,2023-12-29,2023,12,29
1460,2023-12-30,2023,12,30
1461,2023-12-31,2023,12,31
1462,2024-01-01,2024,1,1
1463,2024-01-02,2024,1,2
1464,2024-01-03,2024,1,3
1465,2024-01-04,2024,1,4
1466,2024-01-05,2024,1,5
1467,2024-01-06,2024,1,6
1468,2024-01-07,2024,1,7
1469,2024-01-08,2024,1,8
1470,2024-01-09,2024,1,9
1471,2024-01-10,2024,1,10
1472,2024-01-11,2024,1,11
1473,2024-01-12,2024,1,12
1474,2024-01-13,2024,1,13
1475,2024-01-14,2024,1,14
1476,2024-01-15,2024,1,15
1477,2024-01-16,2024,1,16
1478,2024-01-17,2024,1,17
1479,2024-01-18,2024,1,18
1480,2024-01-19,2024,1,19
1481,2024-01-20,2024,1,20
1482,2024-01-21,2024,1,21
1483,2024-01-22,2024,1,22
1484,2024-01-23,2024,1,23
1485,2024-01-24,2024,1,24
1486,2024-01-25,2024,1,25
1487,2024-01-26,2024,1,26
1488,2024-01-27,2024,1,27
1489,2024-01-28,2024,1,28
1490,2024-01-29,2024,1,29
1491,2024-01-30,2024,1,30
1492,2024-01-31,2024,1,31
1493,2024-02-01,2024,2,1
1494,2024-02-02,2024,2,2
1495,2024-02-03,2024,2,3
1496,2024-02-04,2024,2,4
1497,2024-02-05,2024,2,5
1498,2024-02-06,2024,2,6
1499,2024-02-07,2024,2,7
1500,2024-02-08,2024,2,8
1501,2024-02-09,2024,2,9
1502,2024-02-10,2024,2,10
1503,2024-02-11,2024,2,11
1504,2024-02-12,2024,2,12
1505,2024-02-13,2024,2,13
1506,2024-02-14,2024,2,14
1507,2024-02-15,2024,2,15
1508,2024-02-16,2024,2,16
1509,2024-02-17,2024,2,17
1510,2024-02-18,2024,2,18
1511,2024-02-19,2024,2,19
1512,2024-02-20,2024,2,20
1513,2024-02-21,2024,2,21
1514,2024-02-22,2024,2,22
1515,2024-02-23,2024,2,23
1516,2024-02-24,2024,2,24
1517,2024-02-25,2024,2,25
1518,2024-02-26,2024,2,26
1519,2024-02-27,2024,2,27
1520,2024-02-28,2024,2,28
1521,2024-02-29,2024,2,29
1522,2024-03-01,2024,3,1
1523,2024-03-02,2024,3,2
1524,2024-03-03,2024,3,3
1525,2024-03-04,2024,3,4
1526,2024-03-05,2024,3,5
1527,2024-03-06,2024,3,6
1528,2024-03-07,2024,3,7
1529,2024-03-08,2024,3,8
1530,2024-03-09,2024,3,9
1531,2024-03-10,2024,3,10
1532,2024-03-11,2024,3,11
1533,2024-03-12,2024,3,12
1534,2024-03-13,2024,3,13
1535,2024-03-14,2024,3,14
1536,2024-03-15,2024,3,15
1537,2024-03-16,2024,3,16
1538,2024-03-17,2024,3,17
1539,2024-03-18,2024,3,18
1540,2024-03-19,2024,3,19
1541,2024-03-20,2024,3,20
1542,2024-03-21,2024,3,21
1543,2024-03-22,2024,3,22
1544,2024-03-23,2024,3,23
1545,2024-03-24,2024,3,24
1546,2024-03-25,2024,3,25
1547,2024-03-26,2024,3,26
1548,2024-03-27,2024,3,27
1549,2024-03-28,2024,3,28
1550,2024-03-29,2024,3,29
1551,2024-03-30,2024,3,30
1552,2024-03-31,2024,3,31
1553,2024-04-01,2024,4,1
1554,2024-04-02,2024,4,2
1555,2024-04-03,2024,4,3
1556,2024-04-04,2024,4,4
1557,2024-04-05,2024,4,5
1558,2024-04-06,2024,4,6
1559,2024-04-07,2024,4,7
1560,2024-04-08,2024,4,8
1561,2024-04-09,2024,4,9
1562,2024-04-10,2024,4,10
1563,2024-04-11,2024,4,11
1564,2024-04-12,2024,4,12
1565,2024-04-13,2024,4,13
1566,2024-04-14,2024,4,14
1567,2024-04-15,2024,4,15
1568,2024-04-16,2024,4,16
1569,2024-04-17,2024,4,17
1570,2024-04-18,2024,4,18
1571,2024-04-19,2024,4,19
1572,2024-04-20,2024,4,20
1573,2024-04-21,2024,4,21
1574,2024-04-22,2024,4,22
1575,2024-04-23,2024,4,23
1576,2024-04-24,2024,4,24
1577,2024-04-25,2024,4,25
1578,2024-04-26,2024,4,26
1579,2024-04-27,2024,4,27
1580,2024-04-28,2024,4,28
1581,2024-04-29,2024,4,29
1582,2024-04-30,2024,4,30
1583,2024-05-01,2024,5,1
1584,2024-05-02,2024,5,2
1585,2024-05-03,2024,5,3
1586,2024-05-04,2024,5,4
1587,2024-05-05,2024,5,5
1588,2024-05-06,2024,5,6
1589,2024-05-07,2024,5,7
1590,2024-05-08,2024,5,8
1591,2024-05-09,2024,5,9
1592,2024-05-10,2024,5,10
1593,2024-05-11,2024,5,11
1594,2024-05-12,2024,5,12
1595,2024-05-13,2024,5,13
1596,2024-05-14,2024,5,14
1597,2024-05-15,2024,5,15
1598,2024-05-16,2024,5,16
1599,2024-05-17,2024,5,17
1600,2024-05-18,2024,5,18
1601,2024-05-19,2024,5,19
1602,2024-05-20,2024,5,20
1603,2024-05-21,2024,5,21
1604,2024-05-22,2024,5,22
1605,2024-05-23,2024,5,23
1606,2024-05-24,2024,5,24
1607,2024-05-25,2024,5,25
1608,2024-05-26,2024,5,26
1609,2024-05-27,2024,5,27
1610,2024-05-28,2024,5,28
1611,2024-05-29,2024,5,29
1612,2024-05-30,2024,5,30
1613,2024-05-31,2024,5,31
1614,2024-06-01,2024,6,1
1615,2024-06-02,2024,6,2
1616,2024-06-03,2024,6,3
1617,2024-06-04,2024,6,4
1618,2024-06-05,2024,6,5
1619,2024-06-06,2024,6,6
1620,2024-06-07,2024,6,7
1621,2024-06-08,2024,6,8
1622,2024-06-09,2024,6,9
1623,2024-06-10,2024,6,10
1624,2024-06-11,2024,6,11
1625,2024-06-12,2024,6,12
1626,2024-06-13,2024,6,13
1627,2024-06-14,2024,6,14
1628,2024-06-15,2024,6,15
1629,2024-06-16,2024,6,16
1630,2024-06-17,2024,6,17
1631,2024-06-18,2024,6,18
1632,2024-06-19,2024,6,19
1633,2024-06-20,2024,6,20
1634,2024-06-21,2024,6,21
1635,2024-06-22,2024,6,22
1636,2024-06-23,2024,6,23
1637,2024-06-24,2024,6,24
1638,2024-06-25,2024,6,25
1639,2024-06-26,2024,6,26
1640,2024-06-27,2024,6,27
1641,2024-06-28,2024,6,28
1642,2024-06-29,2024,6,29
1643,2024-06-30,2024,6,30
1644,2024-07-01,2024,7,1
1645,2024-07-02,2024,7,2
1646,2024-07-03,2024,7,3
1647,2024-07-04,2024,7,4
1648,2024-07-05,2024,7,5
1649,2024-07-06,2024,7,6
1650,2024-07-07,2024,7,7
1651,2024-07-08,2024,7,8
1652,2024-07-09,2024,7,9
1653,2024-07-10,2024,7,10
1654,2024-07-11,2024,7,11
1655,2024-07-12,2024,7,12
1656,2024-07-13,2024,7,13
1657,2024-07-14,2024,7,14
1658,2024-07-15,2024,7,15
1659,2024-07-16,2024,7,16
1660,2024-07-17,2024,7,17
1661,2024-07-18,2024,7,18
1662,2024-07-19,2024,7,19
1663,2024-07-20,2024,7,20
1664,2024-07-21,2024,7,21
1665,2024-07-22,2024,7,22
1666,2024-07-23,2024,7,23
1667,2024-07-24,2024,7,24
1668,2024-07-25,2024,7,25
1669,2024-07-26,2024,7,26
1670,2024-07-27,2024,7,27
1671,2024-07-28,2024,7,28
1672,2024-07-29,2024,7,29
1673,2024-07-30,2024,7,30
1674,2024-07-31,2024,7,31
1675,2024-08-01,2024,8,1
1676,2024-08-02,2024,8,2
1677,2024-08-03,2024,8,3
1678,2024-08-04,2024,8,4
1679,2024-08-05,2024,8,5
1680,2024-08-06,2024,8,6
1681,2024-08-07,2024,8,7
1682,2024-08-08,2024,8,8
1683,2024-08-09,2024,8,9
1684,2024-08-10,2024,8,10
1685,2024-08-11,2024,8,11
1686,2024-08-12,2024,8,12
1687,2024-08-13,2024,8,13
1688,2024-08-14,2024,8,14
1689,2024-08-15,2024,8,15
1690,2024-08-16,2024,8,16
1691,2024-08-17,2024,8,17
1692,2024-08-18,2024,8,18
1693,2024-08-19,2024,8,19
1694,2024-08-20,2024,8,20
1695,2024-08-21,2024,8,21
1696,2024-08-22,2024,8,22
1697,2024-08-23,2024,8,23
1698,2024-08-24,2024,8,24
1699,2024-08-25,2024,8,25
1700,2024-08-26,2024,8,26
1701,2024-08-27,2024,8,27
1702,2024-08-28,2024,8,28
1703,2024-08-29,2024,8,29
1704,2024-08-30,2024,8,30
1705,2024-08-31,2024,8,31
1706,2024-09-01,2024,9,1
1707,2024-09-02,2024,9,2
1708,2024-09-03,2024,9,3
1709,2024-09-04,2024,9,4
1710,2024-09-05,2024,9,5
1711,2024-09-06,2024,9,6
1712,2024-09-07,2024,9,7
1713,2024-09-08,2024,9,8
1714,2024-09-09,2024,9,9
1715,2024-09-10,2024,9,10
1716,2024-09-11,2024,9,11
1717,2024-09-12,2024,9,12
1718,2024-09-13,2024,9,13
1719,2024-09-14,2024,9,14
1720,2024-09-15,2024,9,15
1721,2024-09-16,2024,9,16
1722,2024-09-17,2024,9,17
1723,2024-09-18,2024,9,18
1724,2024-09-19,2024,9,19
1725,2024-09-20,2024,9,20
1726,2024-09-21,2024,9,21
1727,2024-09-22,2024,9,22
1728,2024-09-23,2024,9,23
1729,2024-09-24,2024,9,24
1730,2024-09-25,2024,9,25
1731,2024-09-26,2024,9,26
1732,2024-09-27,2024,9,27
1733,2024-09-28,2024,9,28
1734,2024-09-29,2024,9,29
1735,2024-09-30,2024,9,30
1736,2024-10-01,2024,10,1
1737,2024-10-02,2024,10,2
1738,2024-10-03,2024,10,3
1739,2024-10-04,2024,10,4
1740,2024-10-05,2024,10,5
1741,2024-10-06,2024,10,6
1742,2024-10-07,2024,10,7
1743,2024-10-08,2024,10,8
1744,2024-10-09,2024,10,9
1745,2024-10-10,2024,10,10
1746,2024-10-11,2024,10,11
1747,2024-10-12,2024,10,12
1748,2024-10-13,2024,10,13
1749,2024-10-14,2024,10,14
1750,2024-10-15,2024,10,15
1751,2024-10-16,2024,10,16
1752,2024-10-17,2024,10,17
1753,2024-10-18,2024,10,18
1754,2024-10-19,2024,10,19
1755,2024-10-20,2024,10,20
1756,2024-10-21,2024,10,21
1757,2024-10-22,2024,10,22
1758,2024-10-23,2024,10,23
1759,2024-10-24,2024,10,24
1760,2024-10-25,2024,10,25
1761,2024-10-26,2024,10,26
1762,2024-10-27,2024,10,27
1763,2024-10-28,2024,10,28
1764,2024-10-29,2024,10,29
1765,2024-10-30,2024,10,30
1766,2024-10-31,2024,10,31
1767,2024-11-01,2024,11,1
1768,2024-11-02,2024,11,2
1769,2024-11-03,2024,11,3
1770,2024-11-04,2024,11,4
1771,2024-11-05,2024,11,5
1772,2024-11-06,2024,11,6
1773,2024-11-07,2024,11,7
1774,2024-11-08,2024,11,8
1775,2024-11-09,2024,11,9
1776,2024-11-10,2024,11,10
1777,2024-11-11,2024,11,11
1778,2024-11-12,2024,11,12
1779,2024-11-13,2024,11,13
1780,2024-11-14,2024,11,14
1781,2024-11-15,2024,11,15
1782,2024-11-16,2024,11,16
1783,2024-11-17,2024,11,17
1784,2024-11-18,2024,11,18
1785,2024-11-19,2024,11,19
1786,2024-11-20,2024,11,20
1787,2024-11-21,2024,11,21
1788,2024-11-22,2024,11,22
1789,2024-11-23,2024,11,23
1790,2024-11-24,2024,11,24
1791,2024-11-25,2024,11,25
1792,2024-11-26,2024,11,26
1793,2024-11-27,2024,11,27
1794,2024-11-28,2024,11,28
1795,2024-11-29,2024,11,29
1796,2024-11-30,2024,11,30
1797,2024-12-01,2024,12,1
1798,2024-12-02,2024,12,2
1799,2024-12-03,2024,12,3
1800,2024-12-04,2024,12,4
1801,2024-12-05,2024,12,5
1802,2024-12-06,2024,12,6
1803,2024-12-07,2024,12,7
1804,2024-12-08,2024,12,8
1805,2024-12-09,2024,12,9
1806,2024-12-10,2024,12,10
1807,2024-12-11,2024,12,11
1808,2024-12-12,2024,12,12
1809,2024-12-13,2024,12,13
1810,2024-12-14,2024,12,14
1811,2024-12-15,2024,12,15
1812,2024-12-16,2024,12,16
1813,2024-12-17,2024,12,17
1814,2024-12-18,2024,12,18
1815,2024-12-19,2024,12,19
1816,2024-12-20,2024,12,20
1817,2024-12-21,2024,12,21
1818,2024-12-22,2024,12,22
1819,2024-12-23,2024,12,23
1820,2024-12-24,2024,12,24
1821,2024-12-25,2024,12,25
1822,2024-12-26,2024,12,26
1823,2024-12-27,2024,12,27
1824,2024-12-28,2024,12,28
1825,2024-12-29,2024,12,29
1826,2024-12-30,2024,12,30
1827,2024-12-31,2024,12,31
